﻿"4,(","kgCTC$q&","_(xTbpu-*[","qQ[egA","_'AUjf(U\",""
"[;;]0ELU","DR+z#lx*CU","","r","Zh0Gr+",""
"+}ZqEJ$w`","","","XrI","","+xlbV$P)"
"b*d*#<","xgk`*y85","","},ckq\","R^_",""
"ZMsEc","1Mq","i","3""7Plh","kJ+t9","O"
"v-M","?&-vk`5","*c)>_PI`_A","|A]%#P6CY","/mfZIp","CX"
"","+]TUf5","t","Mq#ic@BJ","2-8(","+Bv"
"}2lR1'D","yAo$g;NPT","_`","2J ","N","KIp.*yY""V "
"=","Fr!*M""k","AOa*~tO","hj)c+","R","V;Bdpw`<("
"R""Ui[",";z]","Si;H:ia}U","","WHYb","&B""kr6[oZx"
"3re]%uw","rY|eIAUNK","BYL*8","5Bt|%<Cmg","@kv]q?*s@"," vPx}f"
"U#Izg]?9P>"," ;<15Mr=y","s","e;","","=(HDMbXM]G"
"G66","D","~eX1%vy","H,KxWRU.3","I'du4P^t","Re"""
"6miu","Xd","7H","JZ7(J#XR~=","Ch83","%"
"0|C wN{","+","c",",$XB<S1Te`","wf1NWC",""
"%:+","t~","<","","@s)RF0!\","Pm"
"3!# uF","?&lGS","","(HI2","97[J4Qv>","JI_Fh2^"
"}diL?9\ sJ","K%t32fKp","#Bs'rF:","","P.Qfm*BSB","n6Gdb8[}*"
"sIG5Na:8]%","QI1R)N/$9","2}i",":gEK*}Ccx&","","4BMV>~:"
"x4v6[","^d;lm","^cJ?","/R{","\8bZKbZ2'","AV""w~7"
"Z""n"," {'$","@&lY#%XCK'","7K)+f","KQBd4Q2","Qi83a[n:s"
"Zo{:`Oi1\","","a|)7)u","b:.6","Jm*4?W8CK?","n+ L"
"","Q","Z%K1","","o\R!E~v","0t-F<bR9B"
"q@hP","","{{85r|4l","","N0","zjFaV[Z}"
"ZfnpmJS","g\(:<V","eWu9iD(","`3A","*(y","[w+x]"
"","to'i$\rG~","0@[","L","8D","Vj>YCkZ>"
"0"," H tpmVXTd","EM6","G&: 7","P}",":v"
"1K{","F:w<Y","LrYA670]","t","c^);NGT","4\H.{sZ5#"
"","","ysF?E","_DM>Gl&(","Pgf4-","qm"
"o\OCg6gs#+","p","Y","Q3:uM.tl+","@z,JEQD0","{>w~Cqx$De"
"9a_|C-T8H","'z-YrQQ^Xo","%wn%)&$a","{=mCy'QH","C_}2Pd","A.Px*"
"'=6uSvHX","W","]YCbPS[Zc","RL","","B\vM`"
"<$~}L?",".VyYtLJ@","El5","Su229D","PNv|kqZrrs","l"
"PJP","1X;","=,,x*w_AZ","4","$zr)n0&","]:"
"a_mE?;8Wv","1;e","NBb!/@W%","'k=);zi#","r/476pk<|5","B>Al%<(+bH"
"Z:hoX","~{ZZ","q)%D","\v*g!A","O","60/.9h0]."
"Pm:H","*hL}","zBc""K3$.6H","d/jk","tRE]/-RN_l","lEP&]"
"[L","ynEk","vYk.(KNgl","hChvoy7Vk","c6}","j4kc4aw"
"X$y(","8E$p(0-<hz","tV|XA]jl@","F,{f~J","$?AJm]U)#","]6DTmzir"
":","0","","|C[PU nZ","S?gw~AV","RupGMP%y8"
"ECbZ\""C*P'","-U,K_<-","","lWs6"," ","?O"
"afA^wluzO8","rnoZqk$k","","G6Xwl)0!(`","2x=6dx",""
"R^""","#bj","=Qff&|]p","hUF#RD|","W+""P\yo <","2!*5"
"","","$:_P}@Q","7$zggbTRS","c!U",""
"db\`jb0*)&","K","X","G`Ew:@",".>Q6","9brppo""Pgf"
"`-_{tGGB!1","AJr`_*Sr","x`/","","??FX\:y",""
"V","p","?'Z$@_epQ*","?R b9}!","cE66jn0",")GH2a_{)s\"
")/EA;]Z3X2","-J<j*qE","[9i}@M0r0","4@~Z'","+g{::^4E'o","}Oce"
"'8*cFI","Lm~M^ D","Zg}M>","","~v)?4U","7U"
"}cO","Yd1mB",",X","wt%!XqKq)","",";i>c"
"sIwC0","(R7tEAkU","8d","<g","*`","0''FsP/;A"